{
  "summary": {
    "accuracy": 0.8571428571428571,
    "precision_per_class": {
      "good": 1.0,
      "bad": 0.6666666666666666
    },
    "recall_per_class": {
      "good": 0.8,
      "bad": 1.0
    },
    "f1_score_per_class": {
      "good": 0.8888888888888888,
      "bad": 0.8
    },
    "roc_auc": 1.0,
    "pr_auc": 1.0,
    "confusion_matrix": [
      [
        16,
        4
      ],
      [
        0,
        8
      ]
    ],
    "wrong_images": [
      "good/g2.png",
      "good/g5.png",
      "good/g4.png",
      "good/g9.png"
    ]
  },
  "per_image": {
    "good/g20.png": {
      "prediction": "good",
      "probabilities": {
        "good": 0.9098949432373047,
        "bad": 0.09010503441095352
      }
    },
    "good/g19.png": {
      "prediction": "good",
      "probabilities": {
        "good": 0.9072544574737549,
        "bad": 0.09274553507566452
      }
    },
    "good/g18.png": {
      "prediction": "good",
      "probabilities": {
        "good": 0.6482563018798828,
        "bad": 0.3517436683177948
      }
    },
    "good/g2.png": {
      "prediction": "bad",
      "probabilities": {
        "good": 0.3008618950843811,
        "bad": 0.6991380453109741
      }
    },
    "good/g1.png": {
      "prediction": "good",
      "probabilities": {
        "good": 0.9404301643371582,
        "bad": 0.059569861739873886
      }
    },
    "good/g5.png": {
      "prediction": "bad",
      "probabilities": {
        "good": 0.06759320199489594,
        "bad": 0.9324068427085876
      }
    },
    "good/g4.png": {
      "prediction": "bad",
      "probabilities": {
        "good": 0.030705591663718224,
        "bad": 0.9692943692207336
      }
    },
    "good/g6.png": {
      "prediction": "good",
      "probabilities": {
        "good": 0.9902994632720947,
        "bad": 0.009700557217001915
      }
    },
    "good/g7.png": {
      "prediction": "good",
      "probabilities": {
        "good": 0.9798195958137512,
        "bad": 0.02018044888973236
      }
    },
    "good/g9.png": {
      "prediction": "bad",
      "probabilities": {
        "good": 0.12254638224840164,
        "bad": 0.8774535655975342
      }
    },
    "good/g8.png": {
      "prediction": "good",
      "probabilities": {
        "good": 0.805258572101593,
        "bad": 0.19474142789840698
      }
    },
    "good/g16.png": {
      "prediction": "good",
      "probabilities": {
        "good": 0.9331177473068237,
        "bad": 0.06688228994607925
      }
    },
    "good/g17.png": {
      "prediction": "good",
      "probabilities": {
        "good": 0.9983536005020142,
        "bad": 0.0016464187065139413
      }
    },
    "good/n5.png": {
      "prediction": "good",
      "probabilities": {
        "good": 0.9810230135917664,
        "bad": 0.018977008759975433
      }
    },
    "good/g15.png": {
      "prediction": "good",
      "probabilities": {
        "good": 0.9212090373039246,
        "bad": 0.07879094034433365
      }
    },
    "good/g14.png": {
      "prediction": "good",
      "probabilities": {
        "good": 0.9712384939193726,
        "bad": 0.028761480003595352
      }
    },
    "good/g10.png": {
      "prediction": "good",
      "probabilities": {
        "good": 0.9939693212509155,
        "bad": 0.006030631717294455
      }
    },
    "good/g11.png": {
      "prediction": "good",
      "probabilities": {
        "good": 0.9744760990142822,
        "bad": 0.02552390843629837
      }
    },
    "good/n1.png": {
      "prediction": "good",
      "probabilities": {
        "good": 0.8849201798439026,
        "bad": 0.1150798499584198
      }
    },
    "good/g13.png": {
      "prediction": "good",
      "probabilities": {
        "good": 0.9829645752906799,
        "bad": 0.017035413533449173
      }
    },
    "bad/n9.png": {
      "prediction": "bad",
      "probabilities": {
        "good": 0.0025363655295222998,
        "bad": 0.997463583946228
      }
    },
    "bad/n8.png": {
      "prediction": "bad",
      "probabilities": {
        "good": 0.0008656567661091685,
        "bad": 0.999134361743927
      }
    },
    "bad/n10.png": {
      "prediction": "bad",
      "probabilities": {
        "good": 0.001956711523234844,
        "bad": 0.9980432987213135
      }
    },
    "bad/n11.png": {
      "prediction": "bad",
      "probabilities": {
        "good": 0.0009862177539616823,
        "bad": 0.9990137815475464
      }
    },
    "bad/n6.png": {
      "prediction": "bad",
      "probabilities": {
        "good": 0.0004873491416219622,
        "bad": 0.9995126724243164
      }
    },
    "bad/n7.png": {
      "prediction": "bad",
      "probabilities": {
        "good": 0.001835542032495141,
        "bad": 0.9981644749641418
      }
    },
    "bad/n4.png": {
      "prediction": "bad",
      "probabilities": {
        "good": 0.0006646733963862062,
        "bad": 0.9993353486061096
      }
    },
    "bad/n2.png": {
      "prediction": "bad",
      "probabilities": {
        "good": 0.0001920051290653646,
        "bad": 0.9998080134391785
      }
    }
  }
}