{
  "summary": {
    "accuracy": 0.4642857142857143,
    "precision_per_class": {
      "good": 1.0,
      "bad": 0.34782608695652173
    },
    "recall_per_class": {
      "good": 0.25,
      "bad": 1.0
    },
    "f1_score_per_class": {
      "good": 0.4,
      "bad": 0.5161290322580645
    },
    "roc_auc": 0.84375,
    "pr_auc": 0.7982859531772575,
    "confusion_matrix": [
      [
        5,
        15
      ],
      [
        0,
        8
      ]
    ],
    "wrong_images": [
      "good/g19.png",
      "good/g18.png",
      "good/g2.png",
      "good/g5.png",
      "good/g4.png",
      "good/g6.png",
      "good/g7.png",
      "good/g9.png",
      "good/g8.png",
      "good/g17.png",
      "good/n5.png",
      "good/g15.png",
      "good/g14.png",
      "good/g11.png",
      "good/g13.png"
    ]
  },
  "per_image": {
    "good/g20.png": {
      "prediction": "good",
      "probabilities": {
        "good": 0.6701160073280334,
        "bad": 0.32988402247428894
      }
    },
    "good/g19.png": {
      "prediction": "bad",
      "probabilities": {
        "good": 0.11193136870861053,
        "bad": 0.888068675994873
      }
    },
    "good/g18.png": {
      "prediction": "bad",
      "probabilities": {
        "good": 0.09947499632835388,
        "bad": 0.9005249738693237
      }
    },
    "good/g2.png": {
      "prediction": "bad",
      "probabilities": {
        "good": 0.30381450057029724,
        "bad": 0.6961855292320251
      }
    },
    "good/g1.png": {
      "prediction": "good",
      "probabilities": {
        "good": 0.6168600916862488,
        "bad": 0.3831399083137512
      }
    },
    "good/g5.png": {
      "prediction": "bad",
      "probabilities": {
        "good": 0.10666041821241379,
        "bad": 0.8933395743370056
      }
    },
    "good/g4.png": {
      "prediction": "bad",
      "probabilities": {
        "good": 0.055367887020111084,
        "bad": 0.9446321129798889
      }
    },
    "good/g6.png": {
      "prediction": "bad",
      "probabilities": {
        "good": 0.1335451602935791,
        "bad": 0.8664548993110657
      }
    },
    "good/g7.png": {
      "prediction": "bad",
      "probabilities": {
        "good": 0.046963583678007126,
        "bad": 0.953036367893219
      }
    },
    "good/g9.png": {
      "prediction": "bad",
      "probabilities": {
        "good": 0.07556959986686707,
        "bad": 0.9244304299354553
      }
    },
    "good/g8.png": {
      "prediction": "bad",
      "probabilities": {
        "good": 0.044294048100709915,
        "bad": 0.955706000328064
      }
    },
    "good/g16.png": {
      "prediction": "good",
      "probabilities": {
        "good": 0.5307818651199341,
        "bad": 0.4692181348800659
      }
    },
    "good/g17.png": {
      "prediction": "bad",
      "probabilities": {
        "good": 0.13847248256206512,
        "bad": 0.8615275025367737
      }
    },
    "good/n5.png": {
      "prediction": "bad",
      "probabilities": {
        "good": 0.08075910806655884,
        "bad": 0.9192408919334412
      }
    },
    "good/g15.png": {
      "prediction": "bad",
      "probabilities": {
        "good": 0.07459013164043427,
        "bad": 0.9254098534584045
      }
    },
    "good/g14.png": {
      "prediction": "bad",
      "probabilities": {
        "good": 0.10252685844898224,
        "bad": 0.897473156452179
      }
    },
    "good/g10.png": {
      "prediction": "good",
      "probabilities": {
        "good": 0.7276785373687744,
        "bad": 0.27232155203819275
      }
    },
    "good/g11.png": {
      "prediction": "bad",
      "probabilities": {
        "good": 0.31053510308265686,
        "bad": 0.6894649267196655
      }
    },
    "good/n1.png": {
      "prediction": "good",
      "probabilities": {
        "good": 0.6176477670669556,
        "bad": 0.38235220313072205
      }
    },
    "good/g13.png": {
      "prediction": "bad",
      "probabilities": {
        "good": 0.2773965001106262,
        "bad": 0.7226034998893738
      }
    },
    "bad/n9.png": {
      "prediction": "bad",
      "probabilities": {
        "good": 0.03644590824842453,
        "bad": 0.9635540246963501
      }
    },
    "bad/n8.png": {
      "prediction": "bad",
      "probabilities": {
        "good": 0.09108780324459076,
        "bad": 0.908912181854248
      }
    },
    "bad/n10.png": {
      "prediction": "bad",
      "probabilities": {
        "good": 0.04446748271584511,
        "bad": 0.9555325508117676
      }
    },
    "bad/n11.png": {
      "prediction": "bad",
      "probabilities": {
        "good": 0.024873366579413414,
        "bad": 0.9751266837120056
      }
    },
    "bad/n6.png": {
      "prediction": "bad",
      "probabilities": {
        "good": 0.06817018985748291,
        "bad": 0.9318298101425171
      }
    },
    "bad/n7.png": {
      "prediction": "bad",
      "probabilities": {
        "good": 0.4606713056564331,
        "bad": 0.5393286943435669
      }
    },
    "bad/n4.png": {
      "prediction": "bad",
      "probabilities": {
        "good": 0.02427438087761402,
        "bad": 0.9757256507873535
      }
    },
    "bad/n2.png": {
      "prediction": "bad",
      "probabilities": {
        "good": 0.013702399097383022,
        "bad": 0.986297607421875
      }
    }
  }
}