{
  "summary": {
    "accuracy": 0.9285714285714286,
    "precision_per_class": {
      "good": 0.9090909090909091,
      "bad": 1.0
    },
    "recall_per_class": {
      "good": 1.0,
      "bad": 0.75
    },
    "f1_score_per_class": {
      "good": 0.9523809523809523,
      "bad": 0.8571428571428571
    },
    "roc_auc": 1.0,
    "pr_auc": 1.0,
    "confusion_matrix": [
      [
        20,
        0
      ],
      [
        2,
        6
      ]
    ],
    "wrong_images": [
      "bad/n8.png",
      "bad/n7.png"
    ]
  },
  "per_image": {
    "good/g20.png": {
      "prediction": "good",
      "probabilities": {
        "good": 0.9998965263366699,
        "bad": 0.00010343150643166155
      }
    },
    "good/g19.png": {
      "prediction": "good",
      "probabilities": {
        "good": 0.9999076128005981,
        "bad": 9.241981024388224e-05
      }
    },
    "good/g18.png": {
      "prediction": "good",
      "probabilities": {
        "good": 0.9998966455459595,
        "bad": 0.00010335195111110806
      }
    },
    "good/g2.png": {
      "prediction": "good",
      "probabilities": {
        "good": 0.999818742275238,
        "bad": 0.00018123240442946553
      }
    },
    "good/g1.png": {
      "prediction": "good",
      "probabilities": {
        "good": 0.9998949766159058,
        "bad": 0.0001050677674356848
      }
    },
    "good/g5.png": {
      "prediction": "good",
      "probabilities": {
        "good": 0.9998917579650879,
        "bad": 0.00010817986185429618
      }
    },
    "good/g4.png": {
      "prediction": "good",
      "probabilities": {
        "good": 0.9995260238647461,
        "bad": 0.0004739536962006241
      }
    },
    "good/g6.png": {
      "prediction": "good",
      "probabilities": {
        "good": 0.9998724460601807,
        "bad": 0.00012755917850881815
      }
    },
    "good/g7.png": {
      "prediction": "good",
      "probabilities": {
        "good": 0.9999055862426758,
        "bad": 9.443092130823061e-05
      }
    },
    "good/g9.png": {
      "prediction": "good",
      "probabilities": {
        "good": 0.999825656414032,
        "bad": 0.00017436551570426673
      }
    },
    "good/g8.png": {
      "prediction": "good",
      "probabilities": {
        "good": 0.9998679161071777,
        "bad": 0.00013206350558903068
      }
    },
    "good/g16.png": {
      "prediction": "good",
      "probabilities": {
        "good": 0.9999001026153564,
        "bad": 9.991850674850866e-05
      }
    },
    "good/g17.png": {
      "prediction": "good",
      "probabilities": {
        "good": 0.9998170733451843,
        "bad": 0.00018293889297638088
      }
    },
    "good/n5.png": {
      "prediction": "good",
      "probabilities": {
        "good": 0.9998658895492554,
        "bad": 0.00013408256927505136
      }
    },
    "good/g15.png": {
      "prediction": "good",
      "probabilities": {
        "good": 0.9998925924301147,
        "bad": 0.0001073814055416733
      }
    },
    "good/g14.png": {
      "prediction": "good",
      "probabilities": {
        "good": 0.9998302459716797,
        "bad": 0.00016970321303233504
      }
    },
    "good/g10.png": {
      "prediction": "good",
      "probabilities": {
        "good": 0.9998645782470703,
        "bad": 0.0001354159030597657
      }
    },
    "good/g11.png": {
      "prediction": "good",
      "probabilities": {
        "good": 0.9998780488967896,
        "bad": 0.00012198425974929705
      }
    },
    "good/n1.png": {
      "prediction": "good",
      "probabilities": {
        "good": 0.9998706579208374,
        "bad": 0.00012930009688716382
      }
    },
    "good/g13.png": {
      "prediction": "good",
      "probabilities": {
        "good": 0.9999067783355713,
        "bad": 9.321772813564166e-05
      }
    },
    "bad/n9.png": {
      "prediction": "bad",
      "probabilities": {
        "good": 3.9933354855747893e-05,
        "bad": 0.9999600648880005
      }
    },
    "bad/n8.png": {
      "prediction": "good",
      "probabilities": {
        "good": 0.9983401298522949,
        "bad": 0.0016598665388301015
      }
    },
    "bad/n10.png": {
      "prediction": "bad",
      "probabilities": {
        "good": 5.329270425136201e-05,
        "bad": 0.9999467134475708
      }
    },
    "bad/n11.png": {
      "prediction": "bad",
      "probabilities": {
        "good": 0.00031325934105552733,
        "bad": 0.9996867179870605
      }
    },
    "bad/n6.png": {
      "prediction": "bad",
      "probabilities": {
        "good": 0.000146881997352466,
        "bad": 0.9998531341552734
      }
    },
    "bad/n7.png": {
      "prediction": "good",
      "probabilities": {
        "good": 0.8392041921615601,
        "bad": 0.16079577803611755
      }
    },
    "bad/n4.png": {
      "prediction": "bad",
      "probabilities": {
        "good": 3.210211070836522e-05,
        "bad": 0.9999679327011108
      }
    },
    "bad/n2.png": {
      "prediction": "bad",
      "probabilities": {
        "good": 6.668300193268806e-05,
        "bad": 0.9999333620071411
      }
    }
  }
}